{
  "collapse-filter": false,
  "search": "",
  "showTags": false,
  "showAttachments": false,
  "hideUnresolved": false,
  "showOrphans": true,
  "collapse-color-groups": false,
  "colorGroups": [
    {
      "query": "_Potência",
      "color": {
        "a": 1,
        "rgb": 5431492
      }
    },
    {
      "query": "_Eletrônica",
      "color": {
        "a": 1,
        "rgb": 15856932
      }
    },
    {
      "query": "_Controle",
      "color": {
        "a": 1,
        "rgb": 14760965
      }
    },
    {
      "query": "_Telecomunicação",
      "color": {
        "a": 1,
        "rgb": 13066296
      }
    },
    {
      "query": "_Componentes",
      "color": {
        "a": 1,
        "rgb": 16777215
      }
    },
    {
      "query": "_Generalista",
      "color": {
        "a": 1,
        "rgb": 65280
      }
    },
    {
      "query": "_Cálculo",
      "color": {
        "a": 1,
        "rgb": 5395168
      }
    },
    {
      "query": "_Física",
      "color": {
        "a": 1,
        "rgb": 6513769
      }
    },
    {
      "query": "_Quimica",
      "color": {
        "a": 1,
        "rgb": 15410860
      }
    },
    {
      "query": "_Obsidian",
      "color": {
        "a": 1,
        "rgb": 9701344
      }
    }
  ],
  "collapse-display": true,
  "showArrow": false,
  "textFadeMultiplier": 0,
  "nodeSizeMultiplier": 1,
  "lineSizeMultiplier": 1,
  "collapse-forces": true,
  "centerStrength": 0.518713248970312,
  "repelStrength": 10,
  "linkStrength": 1,
  "linkDistance": 250,
  "scale": 0.7439798683293637,
  "close": true
}