{
  "main": {
    "id": "7abdb1579f00f06b",
    "type": "split",
    "children": [
      {
        "id": "71aa41273901b795",
        "type": "tabs",
        "children": [
          {
            "id": "e9125a4170382563",
            "type": "leaf",
            "state": {
              "type": "markdown",
              "state": {
                "file": "Controle/Teoria do controle/Função de transferência.md",
                "mode": "source",
                "source": false
              }
            }
          }
        ]
      }
    ],
    "direction": "vertical"
  },
  "left": {
    "id": "ba96b550974183f9",
    "type": "split",
    "children": [
      {
        "id": "7378237adad5a245",
        "type": "tabs",
        "children": [
          {
            "id": "4d3dfc3244bf4577",
            "type": "leaf",
            "state": {
              "type": "file-explorer",
              "state": {
                "sortOrder": "alphabetical"
              }
            }
          },
          {
            "id": "9b8d2e1349a8262a",
            "type": "leaf",
            "state": {
              "type": "search",
              "state": {
                "query": "",
                "matchingCase": false,
                "explainSearch": false,
                "collapseAll": false,
                "extraContext": false,
                "sortOrder": "alphabetical"
              }
            }
          },
          {
            "id": "6c4d901bc3a3c796",
            "type": "leaf",
            "state": {
              "type": "bookmarks",
              "state": {}
            }
          }
        ]
      }
    ],
    "direction": "horizontal",
    "width": 201
  },
  "right": {
    "id": "add4faeb34889cc2",
    "type": "split",
    "children": [
      {
        "id": "efab65cdd1d05848",
        "type": "tabs",
        "children": [
          {
            "id": "ae80d3cb747095d9",
            "type": "leaf",
            "state": {
              "type": "backlink",
              "state": {
                "file": "Controle/Teoria do controle/Função de transferência.md",
                "collapseAll": false,
                "extraContext": false,
                "sortOrder": "alphabetical",
                "showSearch": false,
                "searchQuery": "",
                "backlinkCollapsed": false,
                "unlinkedCollapsed": true
              }
            }
          },
          {
            "id": "cc1410f59ed25438",
            "type": "leaf",
            "state": {
              "type": "outgoing-link",
              "state": {
                "file": "Controle/Teoria do controle/Função de transferência.md",
                "linksCollapsed": false,
                "unlinkedCollapsed": true
              }
            }
          },
          {
            "id": "8eb9d0c6d1d6db69",
            "type": "leaf",
            "state": {
              "type": "tag",
              "state": {
                "sortOrder": "frequency",
                "useHierarchy": true
              }
            }
          },
          {
            "id": "e7c7e1c9647ea790",
            "type": "leaf",
            "state": {
              "type": "outline",
              "state": {
                "file": "Controle/Teoria do controle/Função de transferência.md"
              }
            }
          }
        ]
      }
    ],
    "direction": "horizontal",
    "width": 300,
    "collapsed": true
  },
  "left-ribbon": {
    "hiddenItems": {
      "switcher:Abrir a troca rápida": false,
      "graph:Abrir visualização em gráfico": false,
      "canvas:Criar novo canvas": false,
      "daily-notes:Abrir a nota de hoje": false,
      "templates:Inserir modelo": false,
      "command-palette:Abrir paleta de comandos": false
    }
  },
  "active": "e9125a4170382563",
  "lastOpenFiles": [
    "Controle/Teoria do controle/Resposta no domínio do tempo.md",
    "Controle/Teoria do controle/Função de transferência.md",
    "Controle/Teoria do controle/Lugar geométrico das raízes.md",
    "Controle/Teoria do controle/Estabilidade.md",
    "Eletrônica/Dispositivos eletrônicos/Física dos diodos.md",
    "Eletrônica/Dispositivos eletrônicos/Física dos diodos.pdf",
    "Cálculo/Teoria dos conjuntos numéricos.md",
    "Cálculo/Símbolos matemáticos.md",
    "Cálculo/Notações matemáticas.md",
    "Cálculo/Frações parciais.md",
    "Cálculo/Epistemologia matemática.md",
    "Miscelânia/Hardware/Plataformas de sensoriamento inteligente.md",
    "Miscelânia/Componentes/Sensores.md",
    "Miscelânia/Hardware",
    "Sem título 1.canvas",
    "Sem título.canvas",
    "Controle.canvas",
    "Controle/Teoria do controle/Teoria do controle.md",
    "Index do Aleph.md",
    "Drawing 2024-05-31 17.39.58.excalidraw.md",
    "Cálculo/3-1545634901.gif",
    "Controle/Final.md",
    "Meta anotações.md",
    "Excalidraw/Drawing 2024-05-31 17.36.12.excalidraw.md",
    "Excalidraw/Drawing 2024-05-31 17.39.57.excalidraw.md",
    "Excalidraw/Drawing 2024-05-31 17.39.58.excalidraw.md",
    "Excalidraw/Drawing 2024-05-31 17.34.38.excalidraw.md",
    "Excalidraw",
    "Controle/Funções de espaço de estados.md",
    "Sistemas elétricos de potência/Sistema de PU.md",
    "Repositorio/Trifásico pu.png",
    "Repositorio/Screenshot from 2024-05-07 17-03-53.png",
    "Física/Termodinâmica.md",
    "Sistemas elétricos de potência/Geração de energia elétrica/Usinas termoelétricas.md",
    "Cérebro no pote.png",
    "Cálculo/Frações_Parciais.pdf",
    "Telecomunicação/Princípios de comunicação",
    "Eletrônica/Física dos diodos.pdf",
    "Generalista/Física dos diodos.pdf",
    "Componentes/Untitled",
    "Sinais e sistemas elétricos/Sinais e sistemas elétricos",
    "Untitled 2",
    "Untitled.canvas"
  ]
}