{
  "main": {
    "id": "5f8a4df43a8a12a6",
    "type": "split",
    "children": [
      {
        "id": "5f6575ce491fcab7",
        "type": "tabs",
        "children": [
          {
            "id": "8329b3c928da7e3a",
            "type": "leaf",
            "state": {
              "type": "markdown",
              "state": {
                "file": "Cálculo/Teoria dos conjuntos numéricos.md",
                "mode": "source",
                "source": false
              }
            }
          },
          {
            "id": "b227c952373beeda",
            "type": "leaf",
            "state": {
              "type": "graph",
              "state": {}
            }
          },
          {
            "id": "ac8bfda4d06932cf",
            "type": "leaf",
            "state": {
              "type": "pdf",
              "state": {
                "file": "Eletrônica/Dispositivos eletrônicos/Física dos diodos.pdf"
              }
            }
          }
        ],
        "currentTab": 2
      }
    ],
    "direction": "vertical"
  },
  "left": {
    "id": "97b1cadbcbf3d03b",
    "type": "mobile-drawer",
    "children": [
      {
        "id": "e8430d7692e0d663",
        "type": "leaf",
        "state": {
          "type": "file-explorer",
          "state": {
            "sortOrder": "alphabetical"
          }
        }
      },
      {
        "id": "504176daa24af405",
        "type": "leaf",
        "state": {
          "type": "search",
          "state": {
            "query": "tag:#_Física",
            "matchingCase": false,
            "explainSearch": false,
            "collapseAll": false,
            "extraContext": false,
            "sortOrder": "alphabetical"
          }
        }
      },
      {
        "id": "b8cbf71bc4fc66ed",
        "type": "leaf",
        "state": {
          "type": "tag",
          "state": {
            "sortOrder": "alphabetical",
            "useHierarchy": false
          }
        }
      },
      {
        "id": "831c65fe0eabac61",
        "type": "leaf",
        "state": {
          "type": "bookmarks",
          "state": {}
        }
      }
    ],
    "currentTab": 0
  },
  "right": {
    "id": "8c326c6d2fdcd1dd",
    "type": "mobile-drawer",
    "children": [
      {
        "id": "74bec5b814facdb9",
        "type": "leaf",
        "state": {
          "type": "backlink",
          "state": {
            "file": "Eletrônica/Dispositivos eletrônicos/Física dos diodos.pdf",
            "collapseAll": false,
            "extraContext": false,
            "sortOrder": "alphabetical",
            "showSearch": false,
            "searchQuery": "",
            "backlinkCollapsed": false,
            "unlinkedCollapsed": true
          }
        }
      },
      {
        "id": "a7b7c212f79f853d",
        "type": "leaf",
        "state": {
          "type": "outgoing-link",
          "state": {
            "file": "Eletrônica/Dispositivos eletrônicos/Física dos diodos.pdf",
            "linksCollapsed": false,
            "unlinkedCollapsed": true
          }
        }
      },
      {
        "id": "23330342f0f66048",
        "type": "leaf",
        "state": {
          "type": "outline",
          "state": {
            "file": "Eletrônica/Dispositivos eletrônicos/Física dos diodos.pdf"
          }
        }
      }
    ],
    "currentTab": 0
  },
  "left-ribbon": {
    "hiddenItems": {
      "switcher:Open quick switcher": false,
      "graph:Open graph view": false,
      "canvas:Create new canvas": false,
      "daily-notes:Open today's daily note": false,
      "templates:Insert template": false,
      "command-palette:Open command palette": false
    }
  },
  "active": "ac8bfda4d06932cf",
  "lastOpenFiles": [
    "Eletrônica/Dispositivos eletrônicos/Física dos diodos.md",
    "Cálculo/Frações parciais.md",
    "Cálculo/Símbolos matemáticos.md",
    "Cálculo/Notações matemáticas.md",
    "Cálculo/Epistemologia matemática.md",
    "Cálculo/3-1545634901.gif",
    "Controle/Final.md",
    "Controle/Teoria do controle/Resposta no domínio do tempo.md",
    "Controle/Teoria do controle/Função de transferência.md",
    "Meta anotações.md",
    "Controle/Teoria do controle/Estabilidade.md",
    "Controle/Teoria do controle/Lugar geométrico das raízes.md",
    "Sistemas elétricos de potência/Sistema de PU.md",
    "Miscelânia/Filtros elétricos/Filtros elétricos.md",
    "Miscelânia/Filtros elétricos/Filtros IRR.md",
    "Controle/Teoria do controle/TC0-Introdução a teoria do controle.md",
    "Cálculo/Teoria dos conjuntos numéricos.md",
    "Cálculo/Epistemologis matemática.md",
    "Miscelânia/Componentes/Capacitor.md",
    "Física/Movimento rotacional.md",
    "Física/Oque é física.md",
    "Miscelânia/Componentes/Amplificador operacional.md",
    "Repositorio/Cérebro no pote.png",
    "Index do Aleph.md",
    "Telecomunicação/análise de sinais e sistemas/Teorema de Nyquist.md",
    "Miscelânia/Sistema internacional de unidades.md",
    "Miscelânia/Materiais elétricos/Introdução a ciência dos materiais.md",
    "Sistemas elétricos de potência/Geração de energia elétrica/Geradores síncronos.md",
    "Repositorio",
    "Repositorio/Frações_Parciais.pdf",
    "Sistemas elétricos de potência/Geração de energia elétrica",
    "Eletrônica/Dispositivos eletrônicos",
    "Controle/Teoria do controle",
    "Física",
    "Miscelânia/Materiais elétricos",
    "Generalista/Física dos diodos.pdf",
    "Eletrônica",
    "Cálculo"
  ]
}