{
  "main": {
    "id": "7abdb1579f00f06b",
    "type": "split",
    "children": [
      {
        "id": "b42f55e6cd97e2d3",
        "type": "tabs",
        "children": [
          {
            "id": "a4f682f2e209ce1c",
            "type": "leaf",
            "state": {
              "type": "graph",
              "state": {}
            }
          }
        ]
      }
    ],
    "direction": "vertical"
  },
  "left": {
    "id": "ba96b550974183f9",
    "type": "split",
    "children": [
      {
        "id": "7378237adad5a245",
        "type": "tabs",
        "children": [
          {
            "id": "4d3dfc3244bf4577",
            "type": "leaf",
            "state": {
              "type": "file-explorer",
              "state": {
                "sortOrder": "alphabetical"
              }
            }
          },
          {
            "id": "9b8d2e1349a8262a",
            "type": "leaf",
            "state": {
              "type": "search",
              "state": {
                "query": "tag:#Controle",
                "matchingCase": false,
                "explainSearch": false,
                "collapseAll": false,
                "extraContext": false,
                "sortOrder": "alphabetical"
              }
            }
          },
          {
            "id": "6c4d901bc3a3c796",
            "type": "leaf",
            "state": {
              "type": "bookmarks",
              "state": {}
            }
          }
        ]
      }
    ],
    "direction": "horizontal",
    "width": 300
  },
  "right": {
    "id": "add4faeb34889cc2",
    "type": "split",
    "children": [
      {
        "id": "efab65cdd1d05848",
        "type": "tabs",
        "children": [
          {
            "id": "ae80d3cb747095d9",
            "type": "leaf",
            "state": {
              "type": "backlink",
              "state": {
                "collapseAll": false,
                "extraContext": false,
                "sortOrder": "alphabetical",
                "showSearch": false,
                "searchQuery": "",
                "backlinkCollapsed": false,
                "unlinkedCollapsed": true
              }
            }
          },
          {
            "id": "cc1410f59ed25438",
            "type": "leaf",
            "state": {
              "type": "outgoing-link",
              "state": {
                "linksCollapsed": false,
                "unlinkedCollapsed": true
              }
            }
          },
          {
            "id": "8eb9d0c6d1d6db69",
            "type": "leaf",
            "state": {
              "type": "tag",
              "state": {
                "sortOrder": "frequency",
                "useHierarchy": true
              }
            }
          },
          {
            "id": "e7c7e1c9647ea790",
            "type": "leaf",
            "state": {
              "type": "outline",
              "state": {}
            }
          }
        ]
      }
    ],
    "direction": "horizontal",
    "width": 300,
    "collapsed": true
  },
  "left-ribbon": {
    "hiddenItems": {
      "switcher:Abrir a troca rápida": false,
      "graph:Abrir visualização em gráfico": false,
      "canvas:Criar novo canvas": false,
      "daily-notes:Abrir a nota de hoje": false,
      "templates:Inserir modelo": false,
      "command-palette:Abrir paleta de comandos": false
    }
  },
  "active": "a4f682f2e209ce1c",
  "lastOpenFiles": [
    "Index do Aleph.md",
    "Controle/Teoria do controle/TC0-Introdução a teoria do controle.md",
    "Cálculo/Frações parciais.md",
    "Controle/Teoria do controle/Resposta no domínio do tempo.md",
    "Eletrônica/Dispositivos eletrônicos/Física dos diodos.md",
    "Controle/Teoria do controle/Estabilidade.md",
    "Sistemas elétricos de potência/Geração de energia elétrica/Índice de geração.md",
    "Cérebro no pote.png",
    "Cálculo/Frações_Parciais.pdf",
    "Telecomunicação/análise de sinais e sistemas/Sinais e sistemas.md",
    "Eletrônica/Dispositivos eletrônicos/Física dos diodos.pdf",
    "Sem título.canvas",
    "Telecomunicação/Princípios de comunicação",
    "Miscelânia/Filtros elétricos/Filtros elétricos.md",
    "Miscelânia/Grandezas elétricas básicas.md",
    "Eletrônica/Física dos diodos.pdf",
    "Eletrônica/Física dos diodos.md",
    "Generalista/Filtros elétricos/Filtros elétricos.md",
    "Generalista/Física dos diodos.pdf",
    "Componentes/Diodo.md",
    "Componentes/Capacitor.md",
    "Componentes/Amplificador operacional.md",
    "Componentes/Transistor.md",
    "Componentes/Indutor.md",
    "Componentes/Untitled",
    "Diversos/Filtros elétricos/Filtros elétricos.md",
    "Sinais e sistemas elétricos/Sinais e sistemas elétricos/Introdução a sinais e sistemas elétricos.md",
    "Sinais e sistemas elétricos/Sinais e sistemas elétricos",
    "Untitled 2/Tensão elétrica.md",
    "Untitled 2/Corrente elétrica.md",
    "Untitled 1.md",
    "Untitled 2",
    "Untitled 1",
    "Untitled.canvas",
    "Untitled",
    "Projeto Apos.md",
    "Primeira anotação.md"
  ]
}